{"train": [0.6097311973571777, 0.5503189563751221, 0.526131272315979, 0.5107419490814209, 0.4058181941509247, 0.4764269292354584, 0.45921796560287476, 0.4391980767250061, 0.4709523320198059, 0.37907159328460693, 0.39134350419044495, 0.4045182466506958, 0.44359204173088074, 0.4170801043510437, 0.40417981147766113, 0.43411171436309814, 0.40447574853897095, 0.38775885105133057, 0.4373360276222229, 0.37537601590156555, 0.3881475627422333, 0.4124889075756073, 0.37129896879196167, 0.38336288928985596, 0.37105292081832886, 0.3625561594963074, 0.39777618646621704, 0.3866896331310272, 0.3533080816268921, 0.3648759722709656, 0.34960439801216125, 0.3434191942214966, 0.3298383951187134, 0.3529047966003418, 0.35552722215652466, 0.34496980905532837, 0.33028608560562134, 0.3302413821220398, 0.3226619362831116, 0.3387521505355835, 0.34473568201065063, 0.34783676266670227, 0.32129794359207153, 0.3450048267841339, 0.3536878824234009, 0.32452699542045593, 0.3261207938194275, 0.3227202296257019, 0.3378264904022217, 0.3370436728000641], "val": [1.095487356185913, 0.6833459734916687, 0.6509494781494141, 0.5912469029426575, 0.59406977891922, 0.5391005873680115, 0.5738933682441711, 0.5503695607185364, 0.5279885530471802, 0.5145161151885986, 0.5166800618171692, 0.4946206212043762, 0.4950675368309021, 0.5094377994537354, 0.4871295392513275, 0.48235371708869934, 0.4963700473308563, 0.48781007528305054, 0.4725196659564972, 0.46636247634887695, 0.4701457619667053, 0.4651980698108673, 0.4702945947647095, 0.46086978912353516, 0.4562284052371979, 0.4520418345928192, 0.4509434103965759, 0.450144499540329, 0.4468383193016052, 0.44434815645217896, 0.4469403922557831, 0.44803091883659363, 0.44609856605529785, 0.4402449131011963, 0.4400617778301239, 0.4402247369289398, 0.4363730847835541, 0.43863731622695923, 0.4389995336532593, 0.43713557720184326, 0.4349174201488495, 0.43384283781051636, 0.434776246547699, 0.43410786986351013, 0.4315851926803589, 0.4324839413166046, 0.4312349557876587, 0.43029195070266724, 0.4297400712966919, 0.4282577335834503, 0.4272887706756592]}